source,formant,width,depth,name,rms_dbfs,peak_dbfs,centroid_hz,rolloff95_hz,power_above_2500,power_above_4500,power_above_6000,power_above_10000
live,0,50,100,white,-29.84207837918889,-17.89228593729229,11699.400659983432,18331.0546875,0.9591141653376062,0.8906767972668722,0.8424927418718788,0.6465755789634651
live,0,50,100,vowel,-28.09441025462175,-13.98043222159867,3040.833550308769,3975.5859375,0.7553279863174519,0.008239841107083552,0.0006635512218796888,0.0005225696393227398
live,0,50,100,saw_loud,-16.90568538067404,-11.633147426980308,173.70182248970812,439.453125,0.0018405644996695762,0.0007249220791341462,0.0004078176681119754,0.00011029982098306148
live,0,50,100,saw_quiet,-33.656160312602815,-29.140654308832254,153.14133906782877,331.0546875,0.0007230370812504746,0.00018491383752303019,9.372231754376581e-05,2.2971095292863567e-05
native,0,50,100,white,-31.777730200601034,-19.710183868419627,12337.636711785412,18416.015625,0.9639786237366027,0.9101352032148239,0.8721817086646486,0.6986620257286102
native,0,50,100,vowel,-30.988889120129546,-17.176983410786274,2973.1947034440786,3955.078125,0.7260446066144184,0.008107409194582235,0.0008106716232632786,0.0006701166788280572
native,0,50,100,saw_loud,-21.886636876057402,-15.635137417280305,202.36227958219692,550.78125,0.0005245914379243792,8.860301283337826e-05,4.176554847781832e-05,1.0553209996773785e-05
native,0,50,100,saw_quiet,-39.89173165300768,-33.63058395463468,201.48971122496778,550.78125,0.00041091173157197663,5.1778751915438595e-05,2.1233667260742162e-05,4.298424067453311e-06
live,0,50,150,white,-33.18005556420972,-20.020246862778226,13480.512208672035,18459.9609375,0.9941562559621979,0.9670235394239536,0.9405447493946517,0.7933677835340406
live,0,50,150,vowel,-28.414429771992992,-12.034749368141856,3265.8145612475114,3911.1328125,0.8530011351612897,0.0027144355719592194,3.7854449955458e-06,2.6618423512850114e-06
live,0,50,150,saw_loud,-13.355708491787613,-9.351056104434175,128.2789785540046,222.65625,0.00011995617266793778,4.444130312560326e-05,2.4195894997571644e-05,6.160157563778198e-06
live,0,50,150,saw_quiet,-36.5687767057401,-33.17998882572763,113.61976459948157,111.328125,1.9908218794211163e-06,4.581785782155607e-07,2.2422674468905128e-07,5.395474747242973e-08
native,0,50,150,white,-40.20930191499013,-27.281948147116776,14669.751017767087,18574.21875,0.9979178482346465,0.9876047966803931,0.9770426909040155,0.883153768723532
native,0,50,150,vowel,-37.3617761956709,-22.61480756380731,3205.456192563228,3884.765625,0.8244222974082663,0.0017367438264314999,1.21385734332553e-07,2.818294018195559e-08
native,0,50,150,saw_loud,-23.975582758370795,-18.882697356043096,147.79792663321254,331.0546875,4.854266154046228e-07,1.6943884396420242e-08,9.774095532040639e-09,2.7362760536351548e-09
native,0,50,150,saw_quiet,-51.91527665243047,-47.624858306662176,127.26414456667031,328.125,1.392711714041079e-07,3.268617612588541e-08,2.053724454491652e-08,5.76518335335542e-09
live,0,50,200,white,-35.22684102655755,-21.022333146027137,14645.250454552204,18541.9921875,0.9995036439511628,0.9918632381875457,0.9804621004635492,0.8892939538724546
live,0,50,200,vowel,-27.281220977443592,-9.042550728795455,3402.5154729210467,3902.34375,0.9090559942618265,0.0009111344009725361,3.0975733794064122e-06,2.1734759290285296e-06
live,0,50,200,saw_loud,-9.284120375412853,-5.737159287109045,116.67963796870738,114.2578125,3.0527081553946073e-06,1.0731465104991727e-06,5.743022467750615e-07,1.4293631249481041e-07
live,0,50,200,saw_quiet,-39.935052650205314,-36.89390610475623,110.33483960477133,111.328125,1.1129639182255578e-08,9.796013564790653e-09,8.995358220716739e-09,6.8029077412273726e-09
native,0,50,200,white,-49.75956075087069,-35.124374679594,16171.1776535635,18685.546875,0.9999935997993142,0.9995373062114281,0.9988761528584214,0.9778778795250869
native,0,50,200,vowel,-43.75884586287415,-27.807903568874963,3359.3995657663572,3881.8359375,0.8833624868771212,0.00015199154319824222,2.6776948027988117e-07,2.6018555140748073e-08
native,0,50,200,saw_loud,-25.553617174029984,-21.27336440367192,126.70543772828944,328.125,1.4314748817638328e-07,3.3605378992988804e-08,2.1121056587053527e-08,5.92868002190145e-09
native,0,50,200,saw_quiet,-68.63831824795328,-65.07091023026261,112.75267043244914,111.328125,8.227223920799748e-07,1.947639736755257e-07,1.2347626781722035e-07,3.4614307135923314e-08
live,0,75,100,white,-29.06662235389621,-16.2651563731136,11471.547909419716,18275.390625,0.954629219321613,0.8862702785873243,0.8283459415868921,0.6269616775695073
live,0,75,100,vowel,-27.173678897026505,-13.69138113580962,3030.4039442677586,4081.0546875,0.7508345982437178,0.007738691162794735,0.0006429460866879569,0.0004942408058181059
live,0,75,100,saw_loud,-16.061140678167753,-9.471566806355664,159.97113947884725,331.0546875,0.0016741863623945053,0.0006880331405129983,0.00038910705777032463,9.576471991026664e-05
live,0,75,100,saw_quiet,-32.72079194788273,-26.74728034877689,143.673637359259,328.125,0.0006614162926321636,0.00015721303676430052,7.528292675061774e-05,1.800630288655717e-05
native,0,75,100,white,-29.56050645211147,-16.183491495261908,12329.707185269273,18498.046875,0.9683948428541004,0.9202231322189542,0.8766785351376571,0.6967969020166177
native,0,75,100,vowel,-29.29280442332255,-15.14016298260438,3023.0031630813255,4089.84375,0.7469515088580277,0.008524865117489257,0.0010464101222258247,0.0008157362100474246
native,0,75,100,saw_loud,-20.419551174385017,-14.427018974150696,169.44977993976508,442.3828125,0.0002645270655355819,5.431126850360356e-05,2.846720400751726e-05,8.748205844502376e-06
native,0,75,100,saw_quiet,-38.40900932067925,-32.45198622365796,169.11869259236664,442.3828125,0.00023842396061731522,3.715110603980798e-05,1.7073738386748274e-05,4.291796215309984e-06
live,0,75,150,white,-32.69059223349571,-20.117773419495887,13263.724141875233,18518.5546875,0.993026705518973,0.9656637444461037,0.9328703206853765,0.7772683090593278
live,0,75,150,vowel,-27.8226242551094,-12.199216867247028,3245.5722280766754,4001.953125,0.8483668827643994,0.002653821342169659,3.600017961020973e-06,2.5352564597971302e-06
live,0,75,150,saw_loud,-12.838308554776681,-7.359722259440289,125.21384101096686,219.7265625,0.00017171081038274398,6.644787375986833e-05,3.655047329409572e-05,8.566904887798192e-06
live,0,75,150,saw_quiet,-35.94286729990733,-31.666562440686704,113.41586776777176,114.2578125,4.834893342983044e-06,1.0227344006122867e-06,4.6825767473864435e-07,1.0835276120719876e-07
native,0,75,150,white,-35.97302174867143,-23.326801873049824,14414.220022892086,18741.2109375,0.9981416256882,0.9884052965066763,0.9743737234778225,0.8665832084418315
native,0,75,150,vowel,-34.63375947916408,-19.322694370143942,3258.6975942728573,3987.3046875,0.8529961291744447,0.0023522428229202056,3.458724381740248e-07,2.455594414983648e-07
native,0,75,150,saw_loud,-21.696979824548052,-16.377639331934336,130.32126614425414,222.65625,1.7876834805308683e-07,1.7055065476757746e-08,9.791519394043821e-09,2.7225359471183364e-09
native,0,75,150,saw_quiet,-48.68055157454059,-43.87602787856733,117.68850513439176,216.796875,1.2994737878117853e-07,2.9591677017778005e-08,1.8350091730059072e-08,5.145951053979917e-09
live,0,75,200,white,-35.04650145190931,-21.365773697883306,14441.881809477838,18673.828125,0.9994140847095905,0.9920404596149156,0.977816721870477,0.8784655777421074
live,0,75,200,vowel,-27.031366375472757,-9.399730479712922,3371.264810471181,3981.4453125,0.9055081223087917,0.0010651992296163155,3.1006989030975945e-06,2.131627129335057e-06
live,0,75,200,saw_loud,-8.981197565894663,-4.261564068817109,116.24873275868421,114.2578125,9.47372335021338e-06,3.4870953796887105e-06,1.884746274026332e-06,4.320900846578401e-07
live,0,75,200,saw_quiet,-39.171901164222206,-35.956232555154735,110.63143320820053,111.328125,1.183954658074e-08,1.0664859931359135e-08,9.746228715934458e-09,7.673472354869555e-09
native,0,75,200,white,-42.69368310641205,-29.219950860102706,15771.881378052844,18873.046875,0.9999908486450717,0.9994871650313132,0.9979976153237468,0.961518474565744
native,0,75,200,vowel,-39.85174052994874,-23.020465217128148,3401.342501715391,3955.078125,0.9142154494935778,0.0005180579357414688,2.9089613708126795e-07,2.454650230067894e-08
native,0,75,200,saw_loud,-22.272952337763723,-17.491134180539426,117.3769656455837,216.796875,1.3283467294974227e-07,3.027763750950857e-08,1.87849310216822e-08,5.268295346694401e-09
native,0,75,200,saw_quiet,-60.79635257804015,-57.382854241267076,111.26774919950235,111.328125,5.179829227761747e-07,1.2197193841134958e-07,7.711045830680989e-08,2.1611232870257375e-08
live,0,100,100,white,-28.634989017360645,-15.494193535398008,11386.495760331924,18199.21875,0.9520292352852799,0.8850903344322788,0.8221560368977502,0.6179728498828113
live,0,100,100,vowel,-26.652784042896993,-14.000150972535167,3022.535088340394,4116.2109375,0.7476868171474459,0.007617335501392802,0.0006421737016353556,0.00048022686137692925
live,0,100,100,saw_loud,-15.913993281520407,-9.524436161408579,154.31644084626245,331.0546875,0.0014234009181194073,0.0005935598822908581,0.0003402339771933334,9.098537512342073e-05
live,0,100,100,saw_quiet,-33.12121857536431,-27.146695336803933,145.06500637892375,328.125,0.0007425600726650592,0.00017092827659534064,7.863753836068235e-05,1.856815158839889e-05
native,0,100,100,white,-28.042160192845984,-14.360347577213561,12289.003005989105,18527.34375,0.9701455953770199,0.9242151592618263,0.8760657753788685,0.6909794905476113
native,0,100,100,vowel,-27.97946435504445,-14.174565845878057,3041.583278501031,4122.0703125,0.7556317590047821,0.00857162057679162,0.0011683890061051688,0.0008626047663035494
native,0,100,100,saw_loud,-20.238028798248227,-14.207179664241668,163.1809880375401,439.453125,0.00026960225986264,6.653267212626889e-05,3.5421420171821766e-05,1.1583533642214357e-05
native,0,100,100,saw_quiet,-38.23786339417643,-32.20629272365472,163.09758147500654,439.453125,0.00025462360215372184,5.254785764765382e-05,2.4546217314554513e-05,6.628876223649371e-06
live,0,100,150,white,-32.42775345471229,-19.987123384888534,13184.31602532119,18515.625,0.9921406503476653,0.9652310537198688,0.9293916713337983,0.7696008027947528
live,0,100,150,vowel,-27.45284105019405,-12.891048653827887,3239.573100489825,4054.6875,0.8473674727489927,0.002789214941909609,3.3430203231796275e-06,2.4145208464890175e-06
live,0,100,150,saw_loud,-12.909242360097835,-7.682617094651649,124.05797533045504,219.7265625,0.00019794945218653575,7.76501603717649e-05,4.333586508716791e-05,1.111356692640923e-05
live,0,100,150,saw_quiet,-37.465019467177314,-33.276794852686535,114.1373910310431,114.2578125,1.2417181954595523e-05,2.5144921187418046e-06,1.10485996830891e-06,2.4718837102801037e-07
native,0,100,150,white,-33.17014444266007,-20.02621268632094,14211.951374681608,18829.1015625,0.9979897348377863,0.9876935119327032,0.9698392045060721,0.8510548931427312
native,0,100,150,vowel,-32.48018342071683,-17.13575411334903,3275.2740999895454,4054.6875,0.8640954866024056,0.0027517489248264264,1.0250591070779822e-06,8.767050258652831e-07
native,0,100,150,saw_loud,-21.452546282814563,-16.24117172440051,127.5554301374681,219.7265625,1.301818079914222e-07,1.6385939135738978e-08,9.555151849316893e-09,2.6232099683298476e-09
native,0,100,150,saw_quiet,-48.471978505026726,-43.91313133352348,116.48792638378563,114.2578125,1.2257400263919883e-07,2.7998183505494952e-08,1.7527192549220475e-08,4.909565137613596e-09
live,0,100,200,white,-34.956931300843976,-21.408788865458366,14384.647827663402,18744.140625,0.9993180278267525,0.9920868731384148,0.9766051277259207,0.8737604530044578
live,0,100,200,vowel,-26.86450042380954,-9.995600453418929,3367.227176210594,4031.25,0.9080855787164644,0.0013198721525803125,2.9666531129536995e-06,2.081601910268318e-06
live,0,100,200,saw_loud,-9.324760882683641,-4.914672904628986,115.40990232002095,114.2578125,1.7795526732018057e-05,6.6567686176801085e-06,3.645890654937088e-06,9.168992276181779e-07
live,0,100,200,saw_quiet,-42.06735182138621,-38.97041258315213,110.64034792152059,111.328125,9.338679842572265e-09,8.09947228521046e-09,7.430257375576744e-09,5.8705942258986674e-09
native,0,100,200,white,-38.26484592928199,-25.06544925717099,15465.97588704285,19007.8125,0.9999840201705978,0.9992312306454221,0.996260461050333,0.9457284426361076
native,0,100,200,vowel,-36.80840557393611,-19.615173010501326,3416.2282448779674,4019.53125,0.9303430847440006,0.0009610174261276602,2.6779259973401794e-07,1.99651114072103e-08
native,0,100,200,saw_loud,-22.065184607066428,-17.534729815869994,116.22109500924668,114.2578125,1.2515216751062453e-07,2.8639196082709924e-08,1.7942572477153812e-08,5.026141754881401e-09
native,0,100,200,saw_quiet,-60.112486345307225,-56.79391462950073,111.25810158257747,111.328125,4.7234257801427805e-07,1.1112619987097344e-07,7.023999118564284e-08,1.9684494476984924e-08
live,-24,50,100,white,-32.7545910366403,-20.240790541126906,2916.018359909887,4617.1875,0.6371073692444728,0.103972420977403,6.531611808372575e-05,2.589477569027572e-06
live,-24,50,100,vowel,-38.82591467436712,-27.31667016848374,800.0086421930993,3134.765625,0.05935410858213411,0.002843079982996357,3.2392206129203067e-07,1.435607554578073e-07
live,-24,50,100,saw_loud,-30.474952355338083,-24.425656913210318,237.2949244619547,659.1796875,0.004234516342598074,0.00034317447802521773,3.4414856175091153e-07,4.4972242441978687e-08
live,-24,50,100,saw_quiet,-48.61191302084285,-41.95282660471696,234.20047271674767,659.1796875,0.002801477427354993,0.000188993291432946,6.405947701879479e-08,7.801522557891583e-09
native,-24,50,100,white,-34.79069991704668,-21.911941660013092,3124.7730014001386,4631.8359375,0.7045506426692755,0.12616508376155597,6.305056761328174e-05,1.0017272463791949e-06
native,-24,50,100,vowel,-42.52384717251544,-30.506817948234513,938.4251961219614,3706.0546875,0.09643845602822229,0.005099334465941909,6.862383474329523e-08,3.5987191403005123e-09
native,-24,50,100,saw_loud,-33.509194062413414,-27.868529435751846,227.36351214288388,550.78125,0.001090443634598468,0.00010144781064206295,1.0020870659184759e-08,1.8728407739200265e-09
native,-24,50,100,saw_quiet,-51.630545462684225,-45.96902849209595,220.2024042292446,550.78125,0.0008866879228033645,7.019768113430566e-05,8.463988029812013e-09,1.6826066824156455e-09
live,-24,50,150,white,-35.98681846070602,-21.88156659587782,3344.0920515806874,4649.4140625,0.7792428828211806,0.14561819741504178,9.671632363332351e-05,3.6325110019446966e-06
live,-24,50,150,vowel,-41.07605979692902,-27.584241351369197,583.1542785180288,1130.859375,0.0001900835863965046,1.0608014637954783e-05,2.500962625252661e-08,7.242866836124082e-09
live,-24,50,150,saw_loud,-34.59896257588873,-28.5738387932291,159.71746049119932,331.0546875,0.0013788895349931204,0.00010782981595980818,1.199281014125231e-07,2.0947783814648605e-08
live,-24,50,150,saw_quiet,-66.32297775228722,-53.63148018468025,104.3325020073928,219.7265625,0.00022754665767172108,1.436182327049344e-05,9.304186206378024e-09,3.124345896149447e-09
native,-24,50,150,white,-43.18282383177709,-30.045375343560053,3684.338719004772,4678.7109375,0.8832639227239807,0.19524091751526168,0.00010148996246917846,1.6529041422395198e-06
native,-24,50,150,vowel,-52.73316602200155,-40.28452450508298,584.9499785743685,1133.7890625,6.362332670470617e-05,1.3854653862662245e-06,3.912565606580894e-08,9.58738143976066e-09
native,-24,50,150,saw_loud,-43.84700034367852,-38.33540022963798,135.2552918512153,328.125,9.459953474868471e-08,2.0376299330914523e-08,1.1498022216487025e-08,3.1907286034365175e-09
native,-24,50,150,saw_quiet,-82.86438685782264,-76.5723759278163,117.2713164657444,219.7265625,2.603376079581081e-07,4.8077072975927034e-08,2.151796892529924e-08,6.1631681308706685e-09
live,-24,50,200,white,-37.99594956924913,-22.188262443930373,3636.8813366500153,4675.78125,0.8779837245351256,0.1871044218687441,0.00013535651092259137,4.7751790472635276e-06
live,-24,50,200,vowel,-40.80016084050004,-25.49025454225898,602.3456172090912,1101.5625,0.00016433012107835914,8.824653659378245e-07,2.851361194575326e-08,6.862728059927175e-09
live,-24,50,200,saw_loud,-35.94590658202908,-31.763217743513444,114.05411572844056,111.328125,0.00010617589426000886,8.071808350022511e-06,1.8438270719601078e-08,8.686864905622645e-09
live,-24,50,200,saw_quiet,-65.37141809111692,-52.39627024093146,31.304513642916543,32.2265625,2.2348399347537608e-10,1.0399512478179176e-11,2.008647977822702e-12,8.736320231249777e-14
native,-24,50,200,white,-52.721128237842585,-38.51742164032313,4053.9483684641136,4713.8671875,0.9768994656892552,0.27505688145570245,0.00015634090900642862,2.6840537468934038e-06
native,-24,50,200,vowel,-61.28690775112907,-45.73141237706174,631.339382741446,1107.421875,0.00028349321985055254,1.5592466642451825e-06,1.0584470180400216e-07,2.4086309307168528e-08
native,-24,50,200,saw_loud,-52.10304172825072,-46.508935883796966,111.42813531644738,114.2578125,2.1869290469881646e-07,3.775440848810655e-08,1.5469354650949212e-08,4.452471103722022e-09
native,-24,50,200,saw_quiet,-112.98634982954262,-101.57759970566872,100.54444210998372,114.2578125,9.416696826349052e-07,1.8993137809345355e-07,9.902223060596001e-08,2.823713426101442e-08
live,-24,75,100,white,-32.077827921773654,-19.111686427901205,2876.1168307153152,4640.625,0.6182909261372317,0.08912509462354694,0.00016933736624693418,4.118949088216831e-06
live,-24,75,100,vowel,-37.68715284585199,-26.300395663695575,810.0861215570261,3046.875,0.05647260310839491,0.0017826946842385654,3.4892434454103807e-07,1.3408621435611278e-07
live,-24,75,100,saw_loud,-29.244952265515508,-22.59272381873053,205.98532468921738,550.78125,0.003118488585979283,0.0002280001657656004,5.56734143377879e-07,6.037262443054487e-08
live,-24,75,100,saw_quiet,-46.7672163138205,-40.0771405444455,196.62512120143967,547.8515625,0.0018867356218274683,9.62980906275411e-05,7.722477057330953e-08,8.431001864391701e-09
native,-24,75,100,white,-32.54901111872782,-19.401622776185498,3113.3226853507267,4678.7109375,0.6957022569726731,0.11210898437749586,0.00017928102892323205,2.8452055268830143e-06
native,-24,75,100,vowel,-40.2525911352662,-27.490216335591498,994.5831028437137,3694.3359375,0.10219544868091905,0.0034406304657007883,1.5405807708663062e-07,4.867234511775187e-09
native,-24,75,100,saw_loud,-31.599612015313497,-24.885184423708214,190.6700747994537,442.3828125,0.0009756603634456086,6.674592787450409e-05,1.7757716582927172e-08,3.0000273151991207e-09
native,-24,75,100,saw_quiet,-49.0601558395909,-42.42494730561504,183.3635803798646,439.453125,0.0008097654675393136,4.861909734331395e-05,1.3996288920640953e-08,2.5917077263994312e-09
live,-24,75,150,white,-35.6224721569092,-20.942404085267103,3311.3080322906217,4702.1484375,0.7638062330866466,0.1255727618414444,0.00025394867212338493,6.064882996372725e-06
live,-24,75,150,vowel,-40.08226929509989,-27.14647432018824,611.0757500875948,1145.5078125,0.00023024896789401738,7.346822910732958e-06,3.562930153233238e-08,7.293484424528697e-09
live,-24,75,150,saw_loud,-34.034268021640074,-28.248538751606294,176.97081975394795,442.3828125,0.0017770043983322509,0.00012575728951854805,3.11549080861438e-07,4.0142718739490885e-08
live,-24,75,150,saw_quiet,-67.21258279158974,-61.17729687537707,147.92753265660792,328.125,0.0005769358523884034,2.7686309405892304e-05,3.169177610015866e-08,9.979468845562672e-09
native,-24,75,150,white,-38.9421279115885,-25.053567127455135,3629.259132269021,4737.3046875,0.8640994896400472,0.1698666566499681,0.00027903191081207036,4.5051715823584645e-06
native,-24,75,150,vowel,-49.19206729113424,-36.84811345660309,649.860534616669,1151.3671875,0.00017136244203758564,6.8540606068768415e-06,4.681916945170032e-08,1.0879868989553748e-08
native,-24,75,150,saw_loud,-40.62039842046248,-34.63931756474067,127.46705900469408,219.7265625,1.7513626625669664e-07,3.262539148923019e-08,1.656737973727049e-08,4.594573732461477e-09
native,-24,75,150,saw_quiet,-75.25290040932448,-69.88873116083911,114.57772118608236,114.2578125,4.6434603545153946e-07,8.51294611881063e-08,3.706766229237292e-08,1.0600110048011132e-08
live,-24,75,200,white,-37.9507996257812,-21.64429350203118,3605.8994038698756,4737.3046875,0.8658942339037695,0.1615437955150614,0.00035785005795812945,8.442150211583887e-06
live,-24,75,200,vowel,-40.02120415570055,-25.267670663120434,645.4619730212776,1148.4375,0.0003156836764183677,1.7585883820968912e-06,4.653238103793791e-08,8.196567064122507e-09
live,-24,75,200,saw_loud,-36.06410667287363,-31.893406360948223,125.51106426491862,219.7265625,0.0003458614771538801,2.3717690023237323e-05,6.35780880981146e-08,1.3171030575835506e-08
live,-24,75,200,saw_quiet,-79.95412030258207,-72.17949215913352,101.26727394935989,111.328125,1.0724880242613548e-08,5.062227668911692e-10,1.0101354182696116e-10,7.906587300642271e-12
native,-24,75,200,white,-45.65824315009589,-31.155727277289913,3973.621632082315,4778.3203125,0.9605513567569868,0.23509808206898397,0.00040570503797759244,6.7742783314489266e-06
native,-24,75,200,vowel,-56.127486595269914,-42.13476856146969,727.2876309462217,1259.765625,0.0005805320569469525,3.067424721456142e-06,1.409211586649182e-07,2.8626459366120322e-08
native,-24,75,200,saw_loud,-48.05914640585719,-43.586291554652156,112.93999931208782,114.2578125,5.006659293117556e-07,8.758508881864954e-08,3.603317085122658e-08,1.0306141103073841e-08
native,-24,75,200,saw_quiet,-102.12223544314918,-96.96995960311031,110.82046039473542,111.328125,6.779645250974074e-07,1.2698094227876724e-07,6.136084326022496e-08,1.7473999326473528e-08
live,-24,100,100,white,-31.747556226638824,-18.43424309275969,2868.600260925184,4661.1328125,0.6110441434802925,0.08276147709868198,0.0003506756417600403,6.8827326664524e-06
live,-24,100,100,vowel,-36.95824667714815,-24.277884961643576,815.7197026872192,2888.671875,0.052851349515112764,0.0012368295608427584,3.9623505766490066e-07,1.2368532899888815e-07
live,-24,100,100,saw_loud,-29.61636447495717,-22.76629805525789,201.93987589953863,550.78125,0.00280347687780723,0.00021643790354676441,9.479506107117238e-07,5.306879342700415e-08
live,-24,100,100,saw_quiet,-47.192905921169356,-40.598139850504,195.67261810771967,547.8515625,0.0020025767526701895,8.617030083196182e-05,1.6713313175322123e-07,1.0203539770557456e-08
native,-24,100,100,white,-31.03399658666397,-17.897861405279897,3108.6684936382744,4710.9375,0.6896528634226502,0.1021511056730549,0.0003792284172871736,6.0125402106757345e-06
native,-24,100,100,vowel,-38.56673456027271,-26.612321628936684,1027.3168938052488,3667.96875,0.10278203060561407,0.0024162029457574334,2.687818865224586e-07,6.467251579326972e-09
native,-24,100,100,saw_loud,-32.074984597473595,-25.5764147633,188.18178830931487,442.3828125,0.0014815567269068242,8.103498325934193e-05,4.7916494080022004e-08,4.651867914294085e-09
native,-24,100,100,saw_quiet,-49.65375266749823,-43.2445932516545,182.38327519610638,439.453125,0.0013326949022747071,6.990269478165722e-05,3.9610250005316616e-08,4.257555057170052e-09
live,-24,100,150,white,-35.46668395141878,-21.061905296699457,3310.024946805296,4740.234375,0.7580352568171812,0.11745493905965754,0.0005263890302556677,1.0283717669783876e-05
live,-24,100,150,vowel,-39.593735341455606,-26.087845183785213,637.8419377404997,1168.9453125,0.0002650801475541602,6.018507514590049e-06,7.057300329429917e-08,1.1521084117148585e-08
live,-24,100,150,saw_loud,-35.717761411860856,-28.71611267262495,220.6280746347049,550.78125,0.002817646117785592,0.00021267285191404605,9.180543232778556e-07,5.98254755355813e-08
live,-24,100,150,saw_quiet,-69.39105565263625,-62.566927964559234,205.585513302964,550.78125,0.0016424948326414592,6.862544906835635e-05,1.5036933765144943e-07,2.2748377535518453e-08
native,-24,100,150,white,-36.14442196005911,-22.2406208555735,3586.285341055706,4778.3203125,0.8484576910086169,0.1509117550881134,0.0005738296913451274,9.22490066270182e-06
native,-24,100,150,vowel,-46.52602685318014,-33.86180079786322,696.7890668865795,1180.6640625,0.00036460809882080705,1.4086749949023552e-05,5.095378760199803e-08,1.132713903995466e-08
native,-24,100,150,saw_loud,-42.47220325348919,-36.77716417521688,133.8381548995657,219.7265625,5.939490202768473e-07,8.854408999343877e-08,4.094395014760912e-08,1.1306220239041707e-08
native,-24,100,150,saw_quiet,-77.87109958054677,-72.29703286590482,121.70056737447786,219.7265625,1.5423877835681843e-06,2.8191869377335447e-07,1.2622930856076373e-07,3.582958349273297e-08
live,-24,100,200,white,-37.9615597902939,-22.12630226885228,3611.0621600920335,4787.109375,0.8619650749517932,0.15230610445125858,0.0007505705490928413,1.4792919652991847e-05
live,-24,100,200,vowel,-39.75835719163236,-24.939201257098556,690.9659767366489,1207.03125,0.0004645949303334969,2.785035532133931e-06,9.34837880556457e-08,1.429309665610572e-08
live,-24,100,200,saw_loud,-37.90461413784146,-33.00173358233381,148.99918490822617,331.0546875,0.0008795223433422542,6.551415493623752e-05,2.822286029905008e-07,2.4996505101408035e-08
live,-24,100,200,saw_quiet,-80.3904162558048,-73.98245647509228,111.11989849151053,111.328125,2.2309048708554575e-08,2.373717280639112e-09,5.48223514340545e-10,1.8001383215969727e-10
native,-24,100,200,white,-41.23834709144135,-26.785118920510907,3905.669613335812,4836.9140625,0.9445012046482475,0.20394162488781414,0.0008048296562676258,1.3252373570756992e-05
native,-24,100,200,vowel,-52.27811981752416,-37.46157668149436,796.5004355281759,1315.4296875,0.0007715893804999154,3.981707353082792e-06,1.6142934565982166e-07,3.01267633344829e-08
native,-24,100,200,saw_loud,-49.69508689910667,-44.745738098508,118.20309026296857,219.7265625,1.3472666755313016e-06,2.3705984361692215e-07,1.0220884503251964e-07,2.9041036416647758e-08
native,-24,100,200,saw_quiet,-96.60429723143397,-92.23132647544267,110.98031735677262,111.328125,8.372745103898538e-07,1.465570352354065e-07,6.53995994147051e-08,1.861196678016295e-08
live,-30,50,100,white,-33.6989115560963,-20.629729879926852,2071.9452076458433,3263.671875,0.39815192815795397,4.592890770382941e-05,8.203921900046202e-06,3.1935057372860834e-07
live,-30,50,100,vowel,-35.32778320686045,-23.58166485818039,624.878646760267,685.546875,0.013234112109933084,3.2666004135963386e-07,9.825105638727408e-08,1.1944416330246995e-08
live,-30,50,100,saw_loud,-29.874085117503263,-24.294455679070527,173.2917387795029,442.3828125,0.001356462970576998,2.2134467910065674e-07,6.996892598619104e-08,1.0446293142407492e-08
live,-30,50,100,saw_quiet,-47.66708448329733,-41.394701229401235,167.3224164350196,439.453125,0.0009373470323831952,8.398436871609636e-08,1.8919806618759425e-08,6.9919669378146395e-09
native,-30,50,100,white,-35.629114940277915,-23.390269817798366,2216.341813535761,3275.390625,0.4638031773277926,3.328193861465428e-05,3.713347463199559e-06,1.8946596828369354e-07
native,-30,50,100,vowel,-38.98492395508852,-27.118233460400447,650.110225122422,700.1953125,0.022934543563881714,1.3011058739298136e-07,1.0353033316267755e-08,2.601987908084159e-09
native,-30,50,100,saw_loud,-32.06313760986412,-26.72767289331672,150.49403719051259,331.0546875,0.0003646056990188618,1.1004390175497066e-08,4.227406457578219e-09,1.1172646203418854e-09
native,-30,50,100,saw_quiet,-49.82935199315566,-44.60900163598496,145.9141051473512,331.0546875,0.000286538615146104,9.26169958771754e-09,3.637433310374358e-09,9.643671565740704e-10
live,-30,50,150,white,-36.89141361582868,-24.017373750129675,2382.5296029631722,3287.109375,0.5354376577074587,6.657391443177116e-05,1.1660985238402818e-05,4.777991491175893e-07
live,-30,50,150,vowel,-35.000574738927966,-21.488222041858673,593.9113557181284,670.8984375,2.7942148079328043e-05,5.5650111934724036e-08,1.7679581818017816e-08,8.322952193824019e-09
live,-30,50,150,saw_loud,-33.77533172009144,-29.08223934964196,134.5981950138882,328.125,0.00041311104991671683,7.465952439779828e-08,2.7747952646827637e-08,8.279046025882044e-09
live,-30,50,150,saw_quiet,-63.88290764472107,-54.66312466368703,67.70127184341673,111.328125,3.72114090773857e-05,7.7842704702e-09,4.62028354079004e-09,3.3316921709854e-09
native,-30,50,150,white,-44.03123816012319,-31.615984342401845,2616.0703207635797,3301.7578125,0.6729106149906569,5.566670764146515e-05,6.288943293723987e-06,3.251484980427498e-07
native,-30,50,150,vowel,-45.55884599364248,-32.572988533270696,588.4536331165638,670.8984375,3.735872292566929e-06,8.307460258341556e-08,2.8379713162744782e-08,7.665849376529287e-09
native,-30,50,150,saw_loud,-39.8584008187281,-35.56445649024286,112.0681016386504,111.328125,2.215593197451928e-08,4.4677776094162636e-09,2.4311278920976556e-09,6.725451880916338e-10
native,-30,50,150,saw_quiet,-74.7967828277338,-70.84954091774583,109.8726955227838,111.328125,5.100588393819754e-08,1.0577552828124889e-08,5.837460152355429e-09,1.569263987753753e-09
live,-30,50,200,white,-38.79921107465972,-25.378368334431674,2591.795135004769,3301.7578125,0.6503741488313107,9.03885221369078e-05,1.5562751999165393e-05,6.721023741271277e-07
live,-30,50,200,vowel,-33.3421241537219,-18.59134390216345,603.3432179900562,670.8984375,5.696678266225852e-06,7.389193872314505e-08,1.998585671716444e-08,8.94378630033502e-09
live,-30,50,200,saw_loud,-38.533653457700424,-34.90326059265279,115.41039910861714,111.328125,6.998181846964287e-05,2.0782206854728622e-08,1.2682532887950301e-08,7.789615274085266e-09
live,-30,50,200,saw_quiet,-62.85998236208673,-54.64743962742753,20.165614694624445,23.4375,1.200002285162561e-11,8.16623454185616e-13,3.5783443612727246e-13,2.0071750405536205e-13
native,-30,50,200,white,-53.5556830813553,-39.503471849331106,2887.0606534506023,3325.1953125,0.8619143758456277,9.10862489115041e-05,1.059363408233823e-05,5.627850786749073e-07
native,-30,50,200,vowel,-52.20072407800168,-36.88370800935875,597.2299642838902,676.7578125,6.616751072158699e-06,1.963204893781304e-07,6.421230086227361e-08,1.730479211932476e-08
native,-30,50,200,saw_loud,-49.18169124476922,-45.394808555829286,110.0935797857,111.328125,5.806003699929311e-08,1.1849292715600813e-08,6.329441008224028e-09,1.7217178234240977e-09
native,-30,50,200,saw_quiet,-116.17315876390765,-105.20366186335923,37.00254845959311,111.328125,1.3021323987097554e-06,3.1217449664738217e-07,1.9309883527081095e-07,5.467193945278413e-08
live,-30,75,100,white,-33.01269887609335,-21.120316951311693,2040.8635978827565,3278.3203125,0.3719234471635832,0.00010972056872351425,1.53362015994946e-05,7.630869506598563e-07
live,-30,75,100,vowel,-34.64747983622025,-23.12461845272482,617.5254782596608,697.265625,0.012756476833817339,4.948019140679602e-07,9.499908232143292e-08,1.6682576797291088e-08
live,-30,75,100,saw_loud,-29.570187351520655,-23.50909234458646,163.20028472427933,439.453125,0.0012183623218949965,6.658957278235353e-07,1.1338885078839535e-07,1.715808938222688e-08
live,-30,75,100,saw_quiet,-47.1120576585231,-40.612806524960604,159.26024068563243,439.453125,0.0008225311713169424,8.360234081165315e-08,1.6069241007081894e-08,5.920075236083638e-09
native,-30,75,100,white,-33.38123271269295,-21.05517330067132,2198.0754196907083,3295.8984375,0.4381105956673197,9.921731412945389e-05,1.1146364017463999e-05,5.697919933318937e-07
native,-30,75,100,vowel,-36.78422471476465,-25.012889451268112,647.5351201810718,717.7734375,0.02288865252184823,3.481405264363754e-07,9.264066398205e-09,2.1002094286481452e-09
native,-30,75,100,saw_loud,-31.43033023968517,-26.255835307470868,141.33261187650285,222.65625,0.0004747865418674172,2.3436869590090848e-08,7.882151586465075e-09,2.0426184741657375e-09
native,-30,75,100,saw_quiet,-48.92946135570731,-43.70527896367463,138.80083490091255,222.65625,0.00041524443160202815,2.044062266131316e-08,6.972685095472792e-09,1.8004066809930116e-09
live,-30,75,150,white,-36.5380253717416,-23.864258372194023,2356.7245801590543,3316.40625,0.5064654217263457,0.00016307330999020746,2.307276853235443e-05,1.1728471770586623e-06
live,-30,75,150,vowel,-34.828288141676865,-21.98273393710052,585.018043447433,667.96875,2.9048154929518962e-05,5.876524899954714e-08,1.5964651291688162e-08,7.2960900177266776e-09
live,-30,75,150,saw_loud,-34.89370820590081,-29.33913179988652,149.3998667680868,331.0546875,0.00076870103384271,4.1865295218352114e-07,7.566193846984517e-08,1.4205418559336357e-08
live,-30,75,150,saw_quiet,-67.45023796298011,-55.838809001289526,124.77007107790388,219.7265625,0.0002761931928850732,3.383735751909645e-08,1.1187083653502876e-08,6.251280789522649e-09
native,-30,75,150,white,-39.80214295296038,-27.128235532336397,2564.3850292261045,3336.9140625,0.6223152621194468,0.00015927375153080694,1.7977164700147574e-05,9.241147283926419e-07
native,-30,75,150,vowel,-42.14349068228568,-29.23904820657018,582.1714278093147,665.0390625,1.4610166090006097e-05,6.42398733466477e-08,2.2176120849207613e-08,5.990828124766437e-09
native,-30,75,150,saw_loud,-39.819297957184105,-36.159204471189526,112.04627683782145,111.328125,5.185519618153054e-08,1.2096225606308202e-08,7.459978132923826e-09,2.0734619312644482e-09
native,-30,75,150,saw_quiet,-75.11386478397169,-70.07131737017514,111.81831790189231,111.328125,1.0867790822223753e-07,2.5691775743766115e-08,1.5959056951869056e-08,4.408106709933747e-09
live,-30,75,200,white,-38.80750004086923,-25.236033502335637,2571.5418196283217,3342.7734375,0.6218697381607424,0.00022484565102529,3.2525838263899136e-05,1.7002518914234245e-06
live,-30,75,200,vowel,-33.59495385558147,-19.498081123869248,591.2968862648263,670.8984375,9.4346430678901e-06,8.624284764686918e-08,1.7771239708990665e-08,7.792630722594361e-09
live,-30,75,200,saw_loud,-40.527049567984186,-35.49601738049381,129.3547573172521,219.7265625,0.00033074633948114944,1.7928030163334735e-07,3.7944499310192686e-08,1.0459058092634747e-08
live,-30,75,200,saw_quiet,-69.43929508207987,-55.2137222340187,23.070651461048847,23.4375,7.131456347822311e-10,3.367915231333223e-11,6.8554290205631355e-12,5.449031635393256e-13
native,-30,75,200,white,-46.54590447522974,-33.07758274861878,2818.4257985849767,3377.9296875,0.7930913803441354,0.0002417028496737533,2.762188196521954e-05,1.4391550526572323e-06
native,-30,75,200,vowel,-47.2831812630949,-32.75332259988154,587.5020706819927,667.96875,8.073661704747503e-06,1.6911854362058253e-07,5.18085587340487e-08,1.3911077360036277e-08
native,-30,75,200,saw_loud,-49.80645893019852,-45.59474726948034,113.34270887493554,114.2578125,1.645929156629131e-07,3.664476135903764e-08,2.1585040795044256e-08,5.963417769905599e-09
native,-30,75,200,saw_quiet,-108.89325505822926,-96.52828376931075,100.10042258141958,111.328125,7.440219915087309e-07,1.533400173781752e-07,8.388010598116603e-08,2.3770375311160045e-08
live,-30,100,100,white,-32.67979488373144,-20.461837842505805,2031.161156667573,3287.109375,0.3585790635366492,0.00021991111797224256,2.785112131757179e-05,1.4674437214023894e-06
live,-30,100,100,vowel,-34.232713532795685,-22.870251180415785,611.2736935276097,700.1953125,0.012251971112832459,7.648993352222467e-07,8.832513205321005e-08,2.1141415674999673e-08
live,-30,100,100,saw_loud,-30.55403045433593,-24.33508983920302,166.03498027313293,439.453125,0.0012872906215678811,2.514659051934282e-06,3.5642467897551566e-07,7.503717729700282e-08
live,-30,100,100,saw_quiet,-48.23435389620193,-41.92109152243325,164.30536541896956,439.453125,0.0010150639639656366,1.6456226372779137e-07,2.613690850163036e-08,8.752981512626159e-09
native,-30,100,100,white,-31.85781415627096,-19.928463644429044,2190.482753506332,3313.4765625,0.42174584896829737,0.00021447493596736856,2.4263323341773032e-05,1.2418658204183117e-06
native,-30,100,100,vowel,-35.35778987374569,-23.464631049006385,645.7486633421508,755.859375,0.022956415925894726,7.890793913722711e-07,1.1783427275631338e-08,2.2321378610474978e-09
native,-30,100,100,saw_loud,-32.87731360908901,-27.88240724011082,149.41925718919902,222.65625,0.0009099120000290879,6.584251834548047e-08,1.7866779675128725e-08,4.489196122680205e-09
native,-30,100,100,saw_quiet,-50.520117122998414,-45.55790519307156,146.88104852994402,222.65625,0.0008384148366509222,6.23652667806484e-08,1.7315273151441038e-08,4.33137342197052e-09
live,-30,100,150,white,-36.39029330500006,-24.181758020270934,2349.8679274990623,3345.703125,0.4899614779533113,0.00033006855690049597,4.2642700288788413e-05,2.2544312606406765e-06
live,-30,100,150,vowel,-34.72730862590581,-22.20060064086117,580.2916457876678,667.96875,2.774647234543559e-05,6.011022099568983e-08,1.3161568819576027e-08,6.449721089006137e-09
live,-30,100,150,saw_loud,-36.20245396233015,-29.957232478032218,163.2821410837071,439.453125,0.0011136898441974823,2.209018498877399e-06,3.143628055903848e-07,6.870805878195874e-08
live,-30,100,150,saw_quiet,-70.02924837680536,-61.9882621734941,153.79173655070846,333.984375,0.0007074009008884061,1.2271306415183025e-07,2.6430278360684144e-08,1.2102702381922354e-08
native,-30,100,150,white,-36.998284076991894,-24.211718841401314,2530.1542125078417,3380.859375,0.5873150639068438,0.0003322758230371735,3.773121671468212e-05,1.938143578539392e-06
native,-30,100,150,vowel,-39.894651043521144,-27.395098806585626,577.7693039023472,662.109375,3.926385851085983e-05,6.108725691573919e-08,2.136008815964511e-08,5.767312163070503e-09
native,-30,100,150,saw_loud,-42.26026919806259,-38.75765514683468,114.66568075761838,114.2578125,2.185764128847553e-07,3.921510471333262e-08,2.5299173590268464e-08,7.0051252220631e-09
native,-30,100,150,saw_quiet,-78.02034989011892,-74.17780746566953,118.8039376516534,219.7265625,3.6034801083359774e-07,8.598900628981075e-08,5.380754875216198e-08,1.4979522890540992e-08
live,-30,100,200,white,-38.84338536864878,-25.437460363835328,2569.5085548916068,3401.3671875,0.6053910564207354,0.0004628494877836518,6.201267328150489e-05,3.324022410550315e-06
live,-30,100,200,vowel,-33.75437573864113,-20.32443339448998,586.5453849477601,667.96875,1.1742123755833054e-05,9.340939994118593e-08,1.4479327656460566e-08,6.852362009048189e-09
live,-30,100,200,saw_loud,-41.24413590606322,-36.43848288323605,142.03414355253997,331.0546875,0.0006443502433580203,1.2814209444427626e-06,1.886308050234819e-07,4.401271567505207e-08
live,-30,100,200,saw_quiet,-83.15719945408169,-68.30808265545008,77.3625926710417,111.328125,1.5951452188457006e-08,6.352454635059886e-10,1.3896825898889305e-10,1.0675684585197206e-11
native,-30,100,200,white,-42.12605125593031,-28.601324640419627,2765.449189823823,3433.59375,0.7399089121412931,0.00047998617122519056,5.4966924106046224e-05,2.84688403994523e-06
native,-30,100,200,vowel,-44.022938292237264,-29.815411843927635,582.6475835059367,662.109375,6.559544180718006e-06,1.4698151221877296e-07,4.813224963780176e-08,1.2978505492376926e-08
native,-30,100,200,saw_loud,-50.30738503790584,-45.757135040377264,118.38722695751525,219.7265625,3.2443316658468863e-07,7.089114847093554e-08,4.118766737809286e-08,1.1483806706851112e-08
native,-30,100,200,saw_quiet,-104.58534240470287,-100.12117319664327,111.3712497995163,111.328125,7.609270483138427e-07,1.410423686028385e-07,6.976859003219132e-08,1.9721249893631964e-08
live,-36,50,100,white,-34.49116149383991,-20.305039320488948,1467.3016713288105,2311.5234375,0.0016265037797849945,1.0966960767616496e-05,3.1545102516599395e-06,9.69161385766599e-08
live,-36,50,100,vowel,-34.2104767212123,-22.70356786965348,480.20590542083227,565.4296875,5.809305018994392e-05,1.8175967478669944e-07,1.942132317503227e-08,7.359467294429606e-09
live,-36,50,100,saw_loud,-35.022489251416374,-28.805894888942838,220.38805280248724,659.1796875,2.685980612852732e-05,1.9954746700291798e-07,5.640988393611596e-08,9.461853417099612e-09
live,-36,50,100,saw_quiet,-51.96335089137082,-41.266705607648916,190.17649954178987,659.1796875,1.3857779695851714e-05,1.0889478335529467e-07,2.595455152290934e-08,6.5162254361301235e-09
native,-36,50,100,white,-36.36640774285209,-22.94166367581749,1571.267814388688,2317.3828125,0.0014551502553353452,3.293836143279147e-06,7.701501858156072e-07,5.9028822743795236e-08
native,-36,50,100,vowel,-37.463817704551545,-24.224418058967746,489.4294558012378,568.359375,8.573989501725551e-05,7.507935290341502e-08,1.0223144084200765e-08,2.6474181948036177e-09
native,-36,50,100,saw_loud,-38.3057570449873,-32.6519798180372,182.7074223369763,547.8515625,1.1349797103941213e-05,2.8119098729256616e-08,1.2854534810865829e-08,3.440351123526193e-09
native,-36,50,100,saw_quiet,-55.838642783886186,-50.32978135565729,172.69604627101216,439.453125,9.414451984308354e-06,2.3370733903231786e-08,1.0572460805267025e-08,2.8229569293936197e-09
live,-36,50,150,white,-37.70796170952194,-22.68799686321888,1683.7753038625112,2332.03125,0.0023524234558380324,1.4955504578203706e-05,4.523487426525525e-06,1.438681708012511e-07
live,-36,50,150,vowel,-33.87202677225042,-21.92476066978996,459.3059294126104,530.2734375,5.503798985566347e-07,1.728510837035692e-08,1.0926916403297776e-08,7.3469710011370675e-09
live,-36,50,150,saw_loud,-43.12141357680935,-36.48181922752244,214.65393765419068,659.1796875,2.133612926355098e-05,1.691683375868522e-07,5.051257987976379e-08,1.2115569693878988e-08
live,-36,50,150,saw_quiet,-54.955943719691675,-42.20718306833912,15.280546233069936,17.578125,4.530519390743386e-08,4.2819640834612817e-10,1.3370013402459092e-10,5.637524781216685e-11
native,-36,50,150,white,-44.804786875688414,-31.924901469712314,1848.5864448525401,2337.890625,0.002353554670693551,5.605000495944264e-06,1.3171871288573589e-06,1.0319477059808356e-07
native,-36,50,150,vowel,-43.516405179540534,-29.06249214753622,461.38660552162054,518.5546875,5.030349613641695e-07,6.134860041346763e-08,2.8968114071406745e-08,7.883765145074818e-09
native,-36,50,150,saw_loud,-52.21202475377925,-47.835728529262255,116.12407576916794,216.796875,8.296707408510437e-08,1.9262241141184042e-08,1.2326593556338907e-08,3.3896889590377735e-09
native,-36,50,150,saw_quiet,-91.75718736242709,-85.43232784933465,108.84379122123832,111.328125,9.59551930508578e-08,2.2056805421293145e-08,1.3666837895188149e-08,3.766369985842766e-09
live,-36,50,200,white,-39.68668551427848,-24.000979690104828,1832.7737585010293,2346.6796875,0.0031600806360731243,1.9156679189990634e-05,6.003941322897904e-06,2.032642434052154e-07
live,-36,50,200,vowel,-32.24507647796154,-19.96160793980377,458.5015264609182,500.9765625,4.71749029451458e-07,1.7851149529652673e-08,1.1143471236673751e-08,7.417700497647667e-09
live,-36,50,200,saw_loud,-54.59499145539419,-45.97530713422786,204.9211966733677,653.3203125,1.664291570783119e-05,1.611357354771888e-07,6.303771857946954e-08,2.7946833816056686e-08
live,-36,50,200,saw_quiet,-50.499162118265765,-38.15233551351444,14.263038421804604,17.578125,3.585775089947647e-13,2.1534708027410905e-14,6.9823602153755886e-15,2.5815487720526107e-15
native,-36,50,200,white,-54.430533883056356,-41.47305425879875,2040.6867028756533,2355.46875,0.0037455657062514503,9.616749051314443e-06,2.287945864123035e-06,1.852935828666716e-07
native,-36,50,200,vowel,-49.591335278763104,-33.17305324081333,460.7856927742778,506.8359375,1.1662040904620247e-06,1.4400648745998393e-07,6.726426598232654e-08,1.830474389337114e-08
native,-36,50,200,saw_loud,-69.93089971258203,-63.45994417254866,111.31435218913475,114.2578125,3.9443378774646106e-07,7.785440858733412e-08,4.1670562889649864e-08,1.1584369895569803e-08
native,-36,50,200,saw_quiet,-123.56180935358681,-112.9117216310525,35.82651097951123,111.328125,1.3510412187807993e-06,3.244774043053793e-07,2.001143530990717e-07,5.6670392370341925e-08
live,-36,75,100,white,-33.776963165942995,-20.898911860822057,1452.5407614840485,2320.3125,0.003937230369259431,1.711730425654336e-05,4.641161419241823e-06,2.1055857337065387e-07
live,-36,75,100,vowel,-33.60181148722479,-22.842458205942005,485.3863563445772,565.4296875,0.0001309418179474413,2.386288979025999e-07,2.3290142548356273e-08,6.711404959963316e-09
live,-36,75,100,saw_loud,-32.13084160179588,-26.074091193089185,157.3224190547523,439.453125,3.082207713764564e-05,2.239744491018406e-07,7.151427855163408e-08,7.606415873926505e-09
live,-36,75,100,saw_quiet,-49.88763094551984,-43.29358373716889,156.5479130872359,436.5234375,1.9393103682536073e-05,6.45449450424024e-08,1.4557264660442738e-08,5.968048741538799e-09
native,-36,75,100,white,-34.07220640590049,-20.919161998614886,1567.1603231497495,2334.9609375,0.0040417570846189846,9.655640671093322e-06,2.263553978424113e-06,1.6937370265093068e-07
native,-36,75,100,vowel,-35.52739058450721,-23.994901005260413,496.3332929696515,577.1484375,0.00020984406403070006,1.493936860076996e-07,9.01816357221031e-09,2.171744926893183e-09
native,-36,75,100,saw_loud,-34.84138057680304,-30.016956626346122,142.6920202124893,222.65625,1.6146412630025777e-05,2.709197187831579e-08,1.493352681473373e-08,4.038524981647627e-09
native,-36,75,100,saw_quiet,-52.61313473570827,-47.80818977522337,141.6507278225579,222.65625,1.5364425737147675e-05,2.6028144580097756e-08,1.4362686146780645e-08,3.8890642216133955e-09
live,-36,75,150,white,-37.26390354982972,-23.464835494220495,1668.5527540686937,2352.5390625,0.005661095545573009,2.461334862237954e-05,6.888364043814632e-06,3.192427719326249e-07
live,-36,75,150,vowel,-33.70648832303562,-21.559451585661208,463.5921841983753,536.1328125,1.1178909320396704e-06,2.340658895877172e-08,1.2028668995650772e-08,6.849804955787929e-09
live,-36,75,150,saw_loud,-38.5282552941016,-32.59831800153894,150.49542778318158,331.0546875,2.4207871147270156e-05,1.8138822833423485e-07,5.8723040423706065e-08,8.170057825512081e-09
live,-36,75,150,saw_quiet,-68.71040581459783,-57.1543842478987,56.47563106737264,111.328125,3.894851714985755e-06,1.4928226923790046e-08,4.232755338197838e-09,2.1462926070439504e-09
native,-36,75,150,white,-40.46559937213427,-27.417405858531858,1820.2530170886528,2364.2578125,0.006197840044900246,1.5439424952760493e-05,3.6184356345714616e-06,2.718004601200895e-07
native,-36,75,150,vowel,-40.52472249077118,-27.964528717778457,465.48800891619584,536.1328125,6.335701250462259e-07,4.8530201203846466e-08,2.223655365312548e-08,6.055814940559868e-09
native,-36,75,150,saw_loud,-46.60343053627476,-42.76011242794655,114.3115578891033,114.2578125,2.141934973226538e-07,5.369842782926035e-08,3.733999923090358e-08,9.800706569230655e-09
native,-36,75,150,saw_quiet,-88.43520664051584,-82.139610893542,122.05878691743436,219.7265625,6.141097754818592e-07,1.548511424113157e-07,1.0736842449162988e-07,2.8443597211671777e-08
live,-36,75,200,white,-39.54111249093206,-24.946988254460454,1814.220746951559,2373.046875,0.007389384550072273,3.3279320227491894e-05,9.542256187651592e-06,4.6136510125866827e-07
live,-36,75,200,vowel,-32.42121246404095,-19.183613157201986,462.0021325336608,518.5546875,1.021110322866747e-06,2.590792313669271e-08,1.3145376109553657e-08,7.231205931126584e-09
live,-36,75,200,saw_loud,-46.54572913292068,-41.23827423198978,140.93951880578723,328.125,1.757498296725431e-05,1.4082061881933598e-07,4.695335397939861e-08,9.006805573658986e-09
live,-36,75,200,saw_quiet,-66.00936349062303,-53.384748380510274,14.055412937963077,17.578125,3.0818965603545374e-11,1.4465030653076127e-12,2.843111979086743e-13,1.535843251770517e-14
native,-36,75,200,white,-47.20475233441664,-33.88361515225722,1992.8482066985523,2387.6953125,0.008847684692885221,2.3613592062652427e-05,5.54853504034978e-06,4.2077558608416666e-07
native,-36,75,200,vowel,-45.46459646717822,-31.147916991384704,462.8956100887756,518.5546875,1.070650726648555e-06,1.1556246550453942e-07,5.2858893926196355e-08,1.4379930444871697e-08
native,-36,75,200,saw_loud,-61.86315093783176,-56.453647397662195,123.95422595683183,219.7265625,6.334868334113721e-07,1.4678301394666278e-07,9.527269386810601e-08,2.5492790126240366e-08
native,-36,75,200,saw_quiet,-116.39944443384852,-104.26589151858894,98.11350234448152,111.328125,7.533027217664772e-07,1.5657918883096908e-07,8.657986481583606e-08,2.4525610695672142e-08
live,-36,100,100,white,-33.447361394010336,-21.82458100036975,1449.2972959874608,2326.171875,0.007284574398676574,2.7315770059418292e-05,7.2382091835829005e-06,4.001855259802658e-07
live,-36,100,100,vowel,-33.16074060489475,-22.86913274575463,488.115989039833,571.2890625,0.0002088730148442356,2.7905755846158425e-07,2.5017371704915027e-08,6.157186773055508e-09
live,-36,100,100,saw_loud,-31.742504141226334,-25.794231486805298,148.67526996471264,331.0546875,4.245750372866374e-05,4.2305185356510445e-07,7.41600085575752e-08,1.0985750710240016e-08
live,-36,100,100,saw_quiet,-49.625323961347235,-43.04379554705437,149.17145034737024,331.0546875,3.053048628759432e-05,5.9698884896203e-08,1.7167332692814278e-08,7.290100243386247e-09
native,-36,100,100,white,-32.51201761002079,-20.39189065146448,1565.388129141104,2346.6796875,0.007950477257403207,2.0648880185643266e-05,4.865714938195044e-06,3.624259165900251e-07
native,-36,100,100,vowel,-34.19865060133185,-23.779278180415297,501.34987037697664,583.0078125,0.00035530281692915523,2.3957881723953766e-07,1.0161649166015132e-08,2.294196054252471e-09
native,-36,100,100,saw_loud,-35.77293365113831,-30.428188744569688,149.54811231283256,328.125,4.577242060646084e-05,9.960779295377566e-08,6.161064291692035e-08,1.6253604058957646e-08
native,-36,100,100,saw_quiet,-53.651729412129264,-48.327129583683174,148.67660032661928,222.65625,4.4555616899456895e-05,9.823423177954197e-08,6.107172096677845e-08,1.606426533039641e-08
live,-36,100,150,white,-37.098983246006576,-24.52838980129072,1668.902580438694,2370.1171875,0.010479027243562585,4.0259596217041e-05,1.0868451089614036e-05,6.053140457419729e-07
live,-36,100,150,vowel,-33.44569489996202,-21.764025343581448,466.5888892703965,539.0625,1.4822146140394864e-06,2.351997263885509e-08,1.0247363527480795e-08,6.024231438711515e-09
live,-36,100,150,saw_loud,-37.032770922767924,-31.144639581548745,143.4183254404833,328.125,3.3308207340323045e-05,3.380661400011096e-07,6.085687048671244e-08,1.0829657496502982e-08
live,-36,100,150,saw_quiet,-68.96365533043964,-57.11229805490359,111.67008827525808,219.7265625,1.5264709281018672e-05,3.55989134813954e-08,1.230759679064111e-08,6.240066271048288e-09
native,-36,100,150,white,-37.5932502829494,-25.549004592511352,1797.0250010982509,2384.765625,0.011807094322495404,3.164523007226466e-05,7.453998068077251e-06,5.562578490652496e-07
native,-36,100,150,vowel,-38.374850417829606,-27.453643216174953,468.53931449946407,539.0625,1.3092990459690685e-06,4.8502931455421566e-08,2.1771015306293124e-08,5.933373305418271e-09
native,-36,100,150,saw_loud,-47.81149803007814,-42.416236166092006,120.37010218983269,219.7265625,5.931652816750188e-07,1.515725605626095e-07,1.0505008302644168e-07,2.8497649764199983e-08
native,-36,100,150,saw_quiet,-87.61964282141608,-83.44746773967977,133.1722630556847,219.7265625,9.469771665236154e-07,2.3434809989560633e-07,1.5588847982125516e-07,4.2783034662330575e-08
live,-36,100,200,white,-39.52367968742915,-25.764766492196337,1817.3418528370244,2399.4140625,0.013792523329439837,5.634581781041252e-05,1.556177047076885e-05,8.888254872476849e-07
live,-36,100,200,vowel,-32.405411619552666,-19.341082562871616,464.3916981321201,527.34375,1.2904528394199501e-06,2.3488216429432513e-08,1.0127944282132838e-08,6.262302383325851e-09
live,-36,100,200,saw_loud,-43.80120117295958,-37.95195305323603,139.52207920198796,325.1953125,2.8524817863517464e-05,2.9488366076655353e-07,5.5404077404983425e-08,1.1807187783873346e-08
live,-36,100,200,saw_quiet,-68.64621923784655,-56.062704949603756,14.672177071368573,17.578125,1.2659509832509657e-10,6.479272683453721e-12,1.2644134388095e-12,7.067903551626853e-14
native,-36,100,200,white,-42.68197007919565,-29.29594050672785,1953.3203014130422,2411.1328125,0.01622466731221708,4.564950104305021e-05,1.0759946600434808e-05,8.069532020691195e-07
native,-36,100,200,vowel,-42.45251909132253,-29.648751599388127,464.9435742478266,530.2734375,1.061368138476041e-06,1.0827425261584025e-07,4.943892919539272e-08,1.345154437250326e-08
native,-36,100,200,saw_loud,-57.71174213592995,-53.39814359801048,122.54263337341564,219.7265625,4.837296299459783e-07,1.0732294708114971e-07,6.57749797370513e-08,1.8157539846144795e-08
native,-36,100,200,saw_quiet,-112.17702179614905,-107.34247391622634,111.53564574154568,111.328125,7.446922198730931e-07,1.3860702487835845e-07,6.920576279768154e-08,1.9544040394051667e-08
